country_name,iso3_code,gni_per_capita_usd,price_level_index,ppp_conversion_factor
Aruba,ABW,31690.0,73.4348492289676,1.31448380119852
Africa Eastern and Southern,AFE,1599.69559712408,,
Afghanistan,AFG,370.0,18.7769834830579,14.7887521912564
Africa Western and Central,AFW,2020.59282821637,,
Angola,AGO,2650.0,30.2154554475251,220.826283791255
Albania,ALB,8740.0,39.2019320568568,39.4547845186235
Andorra,AND,47920.0,65.207668023379,0.603066309036457
Arab World,ARB,7653.44586249344,,
United Arab Emirates,ARE,51100.0,63.8951543197588,2.34654954239314
Argentina,ARG,12920.0,47.1522008770533,139.692187078265
Armenia,ARM,6850.0,37.8580675957975,148.585343699986
Antigua and Barbuda,ATG,20250.0,69.0200728873085,1.86354196795733
Australia,AUS,63320.0,90.017903054288,1.337468
Austria,AUT,55890.0,76.1898638035308,0.704634
Azerbaijan,AZE,6680.0,30.1339197674035,0.51227663604586
Burundi,BDI,280.0,21.7700759178039,751.11355685453
Belgium,BEL,55520.0,76.0635716278445,0.703466
Benin,BEN,1390.0,33.7298088877381,204.623566036542
Burkina Faso,BFA,840.0,31.6195518530494,191.794636626162
Bangladesh,BGD,2880.0,27.8637828611553,28.6070991451479
Bulgaria,BGR,14240.0,40.8300441715447,0.377621911406109
Bahrain,BHR,28460.0,45.6062202395205,0.171479388100597
"Bahamas, The",BHS,35180.0,97.7236382694572,0.977236382694572
Bosnia and Herzegovina,BIH,8280.0,37.0589900689945,0.670472360097951
Belarus,BLR,7850.0,25.5893013103649,0.769559852957259
Belize,BLZ,6850.0,54.0327889034715,1.08065577806943
Bermuda,BMU,133460.0,117.047800140108,1.17047800140108
Bolivia,BOL,4230.0,33.1302078287776,2.28929736096853
Brazil,BRA,9310.0,48.9668945108392,2.44559278607045
Barbados,BRB,24710.0,110.389494448318,2.20778988896636
Brunei Darussalam,BRN,34390.0,38.6480738036016,0.519074549641412
Bhutan,BTN,3730.0,23.6085982216234,19.5005312048098
Botswana,BWA,8150.0,37.2207107189768,5.06067038467414
Central African Republic,CAF,530.0,39.4218965074556,239.121299090532
Canada,CAN,55340.0,84.4299358903067,1.139727
Central Europe and the Baltics,CEB,20535.501908314,,
Switzerland,CHE,98160.0,111.187993188572,0.999013
Chile,CHL,15970.0,51.4914125366645,432.562121
China,CHN,13750.0,51.3934255336289,3.64070923693376
Cote d'Ivoire,CIV,2510.0,35.7850805696667,217.061473748726
Cameroon,CMR,1680.0,31.7710503563486,192.713580718878
"Congo, Dem. Rep.",COD,680.0,38.1174068146478,931.662587387676
"Congo, Rep.",COG,2310.0,36.1436110410936,219.236211132934
Colombia,COL,6760.0,32.9507324741011,1425.433859
Comoros,COM,1670.0,44.2396522430517,201.286540985159
Cabo Verde,CPV,4740.0,46.7768084314991,47.6210423510559
Costa Rica,CRI,14330.0,58.6051480974268,318.841763
Caribbean small states,CSS,17037.259347586,,
Cuba,CUB,9010.0,,
Curacao,CUW,21400.0,69.1655413375575,1.23806318994228
Cayman Islands,CYM,73970.0,113.202134837481,0.943347350241178
Cyprus,CYP,32380.0,61.1672148800824,0.565698600025777
Czechia,CZE,28540.0,56.6540084166427,12.576104
Germany,DEU,55420.0,75.8027696349033,0.701054
Djibouti,DJI,3500.0,46.755999443939,83.0952297717628
Dominica,DMA,9990.0,48.8258260250056,1.31829730267515
Denmark,DNK,72080.0,87.8827340450088,6.054859
Dominican Republic,DOM,9700.0,41.1056638995541,23.083954310056
Algeria,DZA,4950.0,31.8943104698358,43.326166802351
East Asia & Pacific (excluding high income),EAP,10664.8859168148,,
Early-demographic dividend,EAR,4150.24837358382,,
East Asia & Pacific,EAS,14054.9283145346,,
Europe & Central Asia (excluding high income),ECA,7769.75908429517,,
Europe & Central Asia,ECS,29462.2295399831,,
Ecuador,ECU,6570.0,42.2329283911314,0.422329283911314
"Egypt, Arab Rep.",EGY,3840.0,18.6449273613426,4.78237501847469
Euro area,EMU,44232.1984040642,,
,ERI,,32.7593959979157,4.93847894668579
Spain,ESP,32980.0,60.1732478788246,0.556506
Estonia,EST,27650.0,61.9552867037266,0.572987
Ethiopia,ETH,1030.0,34.4650160034375,22.1265402742069
European Union,EUU,40919.0376807938,,
Finland,FIN,52870.0,83.294988081374,0.770345
Fiji,FJI,5670.0,40.4346739087747,0.909830706289817
France,FRA,45770.0,73.3666714172562,0.678524
Faroe Islands,FRO,73420.0,90.8535821242413,6.25954159690578
"Micronesia, Fed. Sts.",FSM,4270.0,92.1787754114453,0.921787754114453
Gabon,GAB,7660.0,37.5627483608873,227.844268825763
United Kingdom,GBR,48800.0,82.1226909562195,0.660709
Georgia,GEO,6710.0,33.0123575638268,0.867549901216465
Ghana,GHA,2310.0,31.5220977311204,3.47419917524807
Guinea,GIN,1340.0,35.8630311352801,3052.18339989862
"Gambia, The",GMB,870.0,26.8246053642778,16.4233646342791
Guinea-Bissau,GNB,970.0,32.6315066421652,197.932848260615
Equatorial Guinea,GNQ,6230.0,39.9385298046146,242.255040389526
Greece,GRC,22300.0,54.779879965099,0.506626
Grenada,GRD,10100.0,60.1193086662215,1.62322133398798
,GRL,,74.1379389303593,5.10788380262313
Guatemala,GTM,5470.0,41.8454929522742,3.27732812819395
Guyana,GUY,17770.0,37.3784018752798,77.9339679099584
"Hong Kong SAR, China",HKG,54870.0,70.6455458767716,5.53125165022491
Honduras,HND,2870.0,44.9240365903047,11.0520529000976
Heavily indebted poor countries (HIPC),HPC,1116.96988195984,,
Croatia,HRV,20800.0,46.4482231390444,0.429571541796623
Haiti,HTI,1740.0,51.5166994121142,72.6227604240472
Hungary,HUN,19820.0,47.8880373655318,169.087073
IBRD only,IBD,7960.75629688099,,
IDA & IBRD total,IBT,6197.95279702489,,
IDA total,IDA,1615.9453610562,,
IDA blend,IDB,2116.92162516463,,
Indonesia,IDN,4810.0,31.6060240664601,4815.77343325049
IDA only,IDX,1347.70089349181,,
Isle of Man,IMN,87030.0,,
India,IND,2490.0,24.7075775526336,20.4553387219722
Ireland,IRL,79280.0,80.0498846766681,0.740333
"Iran, Islamic Rep.",IRN,5070.0,26.6697499483383,94280.2670719049
Iraq,IRQ,5920.0,40.6783620834452,535.22554911293
Iceland,ISL,80870.0,99.932848015549,137.850321
Israel,ISR,54480.0,94.258761857557,3.456822
Italy,ITA,38750.0,65.0868569025502,0.601949
Jamaica,JAM,6860.0,59.5703380894227,91.8329135889699
Jordan,JOR,4890.0,42.847076985568,0.304214246597533
Japan,JPN,40740.0,66.7883851420938,93.831737
Kazakhstan,KAZ,10710.0,33.4123312887131,152.415361023158
Kenya,KEN,2110.0,30.7262343181437,42.969527633291
Kyrgyz Republic,KGZ,1840.0,29.2742664831786,25.7192364470372
Cambodia,KHM,2390.0,32.6717193050405,1343.02092677806
Kiribati,KIR,3710.0,62.4010320960421,0.939254719016737
St. Kitts and Nevis,KNA,21870.0,66.3878079206748,1.79247081385822
"Korea, Rep.",KOR,38020.0,62.1177403808411,811.048042
Kuwait,KWT,42040.0,64.2234318161369,0.1972847490244
Latin America & Caribbean (excluding high income),LAC,8820.79173357848,,
Lao PDR,LAO,2110.0,22.2265880477604,3931.63306336066
Lebanon,LBN,3710.0,27.6334553377772,23717.2420473074
Liberia,LBR,710.0,44.4982686863957,0.444982686863957
Libya,LBY,6160.0,43.4860809783091,2.09293419877127
St. Lucia,LCA,12440.0,51.8651522994159,1.40035911208423
Latin America & Caribbean,LCN,9361.77751679319,,
Least developed countries: UN classification,LDC,1281.91818877729,,
Sri Lanka,LKA,3550.0,26.2911911753459,86.1123421783246
Low & middle income,LMY,5824.67467828403,,
Lesotho,LSO,1260.0,31.9987775278415,5.90385253090393
Late-demographic dividend,LTE,12655.6594921693,,
Lithuania,LTU,25360.0,53.0791525409813,0.490897
Luxembourg,LUX,88480.0,87.3093059876486,0.807471
Latvia,LVA,21000.0,53.081423205099,0.490918
"Macao SAR, China",MAC,64780.0,57.7339035490199,4.65530980538132
Morocco,MAR,3780.0,38.5115707807778,3.90232278078571
Moldova,MDA,6250.0,38.3063229590448,6.95793675236067
Madagascar,MDG,510.0,28.3997781586705,1257.99067013858
Maldives,MDV,11130.0,50.7429315985923,7.8077103546363
"Middle East, North Africa, Afghanistan & Pakistan",MEA,6297.96049962516,,
Mexico,MEX,11990.0,54.9097550234062,9.751268
Marshall Islands,MHL,7960.0,90.3555645265736,0.903555645265736
Middle income,MIC,6447.64172087995,,
North Macedonia,MKD,7940.0,34.2127835984905,19.4832195643769
Mali,MLI,1010.0,32.7975479026293,198.940004319109
Malta,MLT,35720.0,61.0012675823155,0.564163853769816
Myanmar,MMR,1220.0,20.6972468928922,434.642184750736
"Middle East, North Africa, Afghanistan & Pakistan (excluding high income)",MNA,2945.62808853381,,
Montenegro,MNE,11560.0,38.4716086443108,0.355800655522619
Mongolia,MNG,4870.0,32.4013936040264,1122.94693630791
Mozambique,MOZ,540.0,37.0305855747945,23.6572980592353
Mauritania,MRT,2140.0,30.523008509121,11.1785431496469
Mauritius,MUS,12530.0,38.3293941808412,17.3506531049783
Malawi,MWI,620.0,34.5646281740668,401.327950703585
Malaysia,MYS,11700.0,31.1972372330574,1.42278837661538
North America,NAC,77344.8816877431,,
Namibia,NAM,4310.0,37.5716879759727,6.93058928484689
New Caledonia,NCL,36710.0,,
Niger,NER,640.0,34.0532450461306,206.556683343202
Nigeria,NGA,2590.0,24.5505132509298,158.178769064314
Nicaragua,NIC,2360.0,31.337763322898,11.4198551277581
Netherlands,NLD,62550.0,79.0077579735308,0.730695
Norway,NOR,101840.0,84.4262006942256,8.918221
Nepal,NPL,1430.0,25.6013207154076,33.4724567538748
Naoero,NRU,22370.0,103.269686960238,1.53436035491782
New Zealand,NZL,49470.0,89.7226782387982,1.461074
OECD members,OED,46560.4963859771,,
Oman,OMN,19950.0,50.0903764339347,0.192597497388479
Other small states,OSS,14577.798764917,,
Pakistan,PAK,1450.0,22.6007022287252,56.15218757235
Panama,PAN,17830.0,47.1743398563755,0.471743398563755
Peru,PER,7100.0,46.4689999107822,1.73971850059984
Philippines,PHL,4320.0,34.5986617682061,19.2473611347953
Palau,PLW,14750.0,85.065986296197,0.85065986296197
Papua New Guinea,PNG,2800.0,63.4822695364783,2.27877414820342
Poland,POL,19890.0,45.6856870982025,1.920474
Pre-demographic dividend,PRE,1629.53112860082,,
Puerto Rico (US),PRI,25290.0,77.7191744434403,0.777191744434403
Portugal,PRT,26340.0,55.490814087648,0.513201
Paraguay,PRY,6200.0,35.844402509728,2612.65263745484
West Bank and Gaza,PSE,4450.0,58.3864805636319,0.583864805636319
Pacific island small states,PSS,4356.96814147791,,
Post-demographic dividend,PST,54261.6584638305,,
French Polynesia,PYF,24370.0,,
Qatar,QAT,79430.0,62.1553920678368,2.26245627126926
Romania,ROU,16590.0,39.6776185948663,1.81497330738497
Russian Federation,RUS,14400.0,31.5742959179996,26.8893044156305
Rwanda,RWA,1030.0,30.152954087602,349.804026572691
South Asia,SAS,2524.90860221655,,
Saudi Arabia,SAU,36330.0,50.4816326565955,1.89306122462233
Sudan,SDN,660.0,32.9095163422373,217.064587890129
Senegal,SEN,1620.0,35.5121883432759,215.406192053338
Singapore,SGP,69530.0,59.6860042148137,0.801443968215127
Solomon Islands,SLB,1980.0,72.4362183095765,6.06696572765034
Sierra Leone,SLE,870.0,22.4950489640751,4.792542062985
El Salvador,SLV,4930.0,41.9951346710945,0.419951346710945
San Marino,SMR,53910.0,75.9688772792505,0.702590229204567
"Somalia, Fed. Rep.",SOM,600.0,38.3382954872091,10428.4189246235
Serbia,SRB,10750.0,41.2456544508145,44.7113997577007
Sub-Saharan Africa (excluding high income),SSA,1768.27145267264,,
,SSD,,66.6367243015678,126.743049621582
Sub-Saharan Africa,SSF,1769.65752258208,,
Small states,SST,13759.3611738674,,
Sao Tome and Principe,STP,2810.0,48.5887264965472,11.0920118334835
Suriname,SUR,5210.0,26.136317746715,9.61185797595566
Slovak Republic,SVK,22710.0,53.6685520698049,0.496348
Slovenia,SVN,31020.0,58.1657645450991,0.53794
Sweden,SWE,60540.0,80.2687231792261,8.516641
Eswatini,SWZ,3750.0,33.2076733153706,6.12800854631137
Sint Maarten (Dutch part),SXM,38260.0,76.2659824546408,1.36516108593807
Seychelles,SYC,16340.0,56.846274704358,7.96877388742183
Syrian Arab Republic,SYR,720.0,21.5443381716821,807.95702765744
Turks and Caicos Islands,TCA,36060.0,100.295056929768,1.00295056929768
Chad,TCD,910.0,35.1449071325721,213.178375331775
East Asia & Pacific (IDA & IBRD countries),TEA,10784.8916488508,,
Europe & Central Asia (IDA & IBRD countries),TEC,11462.9050001804,,
Togo,TGO,1190.0,33.0998917479879,200.773930626041
Thailand,THA,7210.0,30.5552456853677,10.633894352836
Tajikistan,TJK,1400.0,23.7229715093518,2.57264357607453
Turkmenistan,TKM,4830.0,26.9714339844827,1.46333407197075
Latin America & the Caribbean (IDA & IBRD countries),TLA,9225.83603107864,,
Timor-Leste,TLS,1900.0,31.2300787818626,0.312300787818626
"Middle East, North Africa, Afghanistan & Pakistan (IDA & IBRD)",TMN,2934.89438772635,,
Tonga,TON,5910.0,72.3626105008964,1.70893132936348
South Asia (IDA & IBRD),TSA,2524.90860221655,,
Sub-Saharan Africa (IDA & IBRD countries),TSS,1769.65752258208,,
Trinidad and Tobago,TTO,19880.0,52.8353428581088,3.56652407152063
Tunisia,TUN,3850.0,28.1174878905953,0.873376130086666
Turkiye,TUR,11980.0,30.963492066033,7.350289
Tuvalu,TUV,7520.0,87.1266509960929,1.3114225093946
Tanzania,TZA,1220.0,30.4339722224229,725.254517758729
Uganda,UGA,970.0,32.3305695570715,1213.19719403414
Ukraine,UKR,4980.0,29.0702842016071,10.6321099289501
Uruguay,URY,20070.0,67.6745680532807,26.2739181311142
United States,USA,79950.0,100.0,1.0
Uzbekistan,UZB,2880.0,25.8247598536574,3030.49254994173
St. Vincent and the Grenadines,VCT,10210.0,53.3487411173815,1.4404160101693
"Venezuela, RB",VEN,3040.0,,
,VIR,,89.0243717259396,0.890243717259396
Viet Nam,VNM,4140.0,28.7538544981041,6839.77114227882
Vanuatu,VUT,4210.0,88.252226069447,105.11943277697
World,WLD,13335.8070349419,,
Samoa,WSM,4800.0,58.7951820962513,1.6054012712345
Kosovo,XKX,6290.0,39.3258006102926,0.363700560729297
"Yemen, Rep.",YEM,740.0,,
South Africa,ZAF,6490.0,39.6671612830282,7.31868804459223
Zambia,ZMB,1270.0,32.6130364048754,6.59175278849996
Zimbabwe,ZWE,2550.0,37.8748900885945,0.713312954994536
